City,Count
LOS ANGELES,286659
VAN NUYS,21295
NORTH HOLLYWOOD,17242
SHERMAN OAKS,15165
WOODLAND HILLS,13194
ENCINO,10776
NORTHRIDGE,9648
CANOGA PARK,7342
STUDIO CITY,7281
RESEDA,6962
TARZANA,6730
CHATSWORTH,5996
SAN PEDRO,5891
SUN VALLEY,5730
VENICE,5509
SYLMAR,5499
PANORAMA CITY,5479
GRANADA HILLS,5321
PACOIMA,4467
NORTH HILLS,4070
VALLEY VILLAGE,3902
WEST HILLS,3879
N HOLLYWOOD,3545
WINNETKA,3454
WILMINGTON,3393
PACIFIC PALISADES,2912
MARINA DEL REY,2900
ARLETA,2518
TUJUNGA,2454
SUNLAND,1769
MISSION HILLS,1748
PORTER RANCH,1712
HARBOR CITY,1475
PLAYA DEL REY,1367
TOLUCA LAKE,1249
SIMI VALLEY,1184
ANAHEIM,956
VALENCIA,910
CANYON COUNTRY,817
HOLLYWOOD,755
RIVERSIDE,740
LAKE BALBOA,716
IRVINE,713
NEW YORK,632
PLAYA VISTA,563
SAN DIEGO,555
LA CRESCENTA,549
SANTA ANA,548
THOUSAND OAKS,531
CORONA,518
ALTADENA,483
ORANGE,476
ONTARIO,460
HUNTINGTON BEACH,447
RANCHO CUCAMONGA,406
NEWHALL,399
FULLERTON,389
VALLEY GLEN,388
FONTANA,355
SACRAMENTO,344
OXNARD,318
BAKERSFIELD,313
CHINO,312
LAKE VIEW TERRACE,305
TOPANGA,305
VENTURA,299
SAN FRANCISCO,298
GARDEN GROVE,297
COSTA MESA,296
CAMARILLO,256
BUENA PARK,251
UPLAND,251
LAS VEGAS,248
NEWPORT BEACH,248
SAN BERNARDINO,241
NEWBURY PARK,240
HACIENDA HEIGHTS,218
BREA,218
CASTAIC,210
MOORPARK,209
SHERWOOD FOREST,201
MORENO VALLEY,197
TUSTIN,196
TEMECULA,192
CITY OF INDUSTRY,188
ROWLAND HEIGHTS,178
STEVENSON RANCH,178
MURRIETA,173
WESTCHESTER,172
MONTROSE,172
LA HABRA,171
LA CANADA,168
VIEW PARK,163
SHADOW HILLS,158
CHICAGO,147
YORBA LINDA,145
ACTON,143
CYPRESS,143
CHINO HILLS,139
PERRIS,136
HOUSTON,133
SANTA BARBARA,133
VICTORVILLE,130
FOUNTAIN VALLEY,122
LAKE FOREST,121
OCEANSIDE,121
WESTMINSTER,118
CARLSBAD,116
PLACENTIA,115
LAKE ELSINORE,114
OAK PARK,114
LOS ALAMITOS,113
PHOENIX,110
LITTLEROCK,109
CENTURY CITY,107
HESPERIA,107
RIALTO,107
SAN JOSE,107
NORCO,104
OAKLAND,104
FRESNO,102
ESCONDIDO,100
SAUGUS,98
EAGLE ROCK,97
MISSION VIEJO,95
WASHINGTON,95
SAN CLEMENTE,90
LAGUNA HILLS,90
ATLANTA,90
MONTCLAIR,88
SEATTLE,88
PORTLAND,85
DALLAS,83
NEW HYDE PARK,80
UNIVERSAL CITY,78
REDLANDS,77
AUSTIN,76
BROOKLYN,76
PALM SPRINGS,76
VISTA,75
LA CANADA FLINTRIDGE,75
PALM DESERT,74
LAGUNA NIGUEL,72
HIGHLAND PARK,72
EL CAJON,72
LAGUNA BEACH,71
COLTON,70
ALISO VIEJO,65
APPLE VALLEY,63
AGUA DULCE,62
JURUPA VALLEY,62
NASHVILLE,60
SAN MARCOS,59
STANTON,59
BELL CANYON,59
SCOTTSDALE,58
BOSTON,57
SEAL BEACH,57
HEMET,56
CHULA VISTA,56
BLOOMINGTON,56
YUCAIPA,56
DENVER,56
S EL MONTE,56
MENIFEE,56
OJAI,55
EASTVALE,53
RANCHO SANTA MARGARITA,53
ALTA LOMA,53
SAN JUAN CAPISTRANO,53
W HOLLYWOOD,52
SANTA PAULA,52
WILDOMAR,50
MIAMI,49
HENDERSON,47
HIGHLAND,45
DANA POINT,44
SAINT LOUIS,43
FALLBROOK,43
RANCHO DOMINGUEZ,43
SALT LAKE CITY,43
SANTA CLARA,42
PHILADELPHIA,42
MINNEAPOLIS,40
INDIO,39
ARLINGTON,39
ROSEVILLE,38
LA QUINTA,38
MIRA LOMA,38
RANCHO CASCADES,38
SAN ANTONIO,37
HAYWARD,37
CHARLOTTE,37
WEST LOS ANGELES,37
PORT HUENEME,37
DESERT HOT SPRINGS,36
PALOS VERDES PENINSULA,35
SAN JACINTO,35
PHELAN,34
CONCORD,34
S PASADENA,34
PLANO,34
RENO,33
LAKE VIEW TER,33
LONGWOOD,33
SANTA ROSA,33
LA PALMA,33
AGOURA,33
SAN MATEO,33
QUARTZ HILL,33
BEAUMONT,33
ORLANDO,32
POWAY,32
TUCSON,31
CANYON LAKE,31
FILLMORE,30
HACIENDA HTS,30
WALNUT CREEK,30
LA JOLLA,29
BERKELEY,29
REDDING,29
CHANDLER,29
RANCHO MIRAGE,29
FREMONT,29
IRVING,29
OAK HILLS,29
CARPINTERIA,29
CATHEDRAL CITY,28
FAIRFIELD,28
ADELANTO,28
TEMPE,28
COLUMBUS,28
MODESTO,28
ALEXANDRIA,27
BISHOP,27
SANTEE,27
FORT WORTH,26
VISALIA,26
WALNUT PARK,26
ALPHARETTA,25
CINCINNATI,25
SANTA MARIA,25
CALIFORNIA CITY,25
MESA,25
REDWOOD CITY,24
INDIANAPOLIS,24
BANNING,24
RESTON,24
FORT LAUDERDALE,24
ENCINITAS,24
FRAZIER PARK,24
YUCCA VALLEY,24
TAMPA,24
PITTSBURGH,24
STOCKTON,24
LENNOX,24
SANTA ROSA VALLEY,23
TEHACHAPI,23
CORONA DEL MAR,23
BURLINGAME,23
PALO ALTO,23
RICHMOND,23
SUNNYVALE,22
LADERA RANCH,22
EAST LOS ANGELES,22
SAN RAFAEL,22
SAN LUIS OBISPO,22
LIVERMORE,22
MILWAUKEE,22
LAKE HUGHES,21
BELLEVUE,21
BOULDER,21
LOMA LINDA,21
ROCKLIN,21
SAN RAMON,21
PLEASANTON,21
WINCHESTER,21
HERNDON,21
LAKESIDE,21
JACKSONVILLE,21
WINDSOR HILLS,20
WHITE PLAINS,20
HUNTINGTN BCH,20
AURORA,20
COLUMBIA,20
RANCHO CORDOVA,20
LOUISVILLE,20
GRAND TERRACE,19
SEPULVEDA,19
WOODLAND HLS,19
CALIMESA,19
FOLSOM,19
BOISE,19
BALTIMORE,18
PASO ROBLES,18
CLEVELAND,18
ENGLEWOOD,18
WEST TOLUCA LAKE,18
ALAMEDA,18
GOLETA,18
SOMIS,18
NEWARK,18
SOUTH SAN FRANCISCO,18
CRESTLINE,18
ROSAMOND,18
RALEIGH,18
DUBLIN,18
BETHESDA,17
VILLA PARK,17
SUN CITY,17
OVERLAND PARK,17
MADISON,17
CAMPBELL,17
PLYMOUTH,17
FRANKLIN,17
LONG ISLAND CITY,17
BOCA RATON,16
FOOTHILL RANCH,16
SAN LEANDRO,16
KANSAS CITY,16
CLOVIS,16
JOSHUA TREE,15
BIRMINGHAM,15
TULSA,15
ALBUQUERQUE,15
PROVO,15
BURLINGTON,15
COLORADO SPRINGS,15
LEONA VALLEY,15
MEMPHIS,15
CAMBRIDGE,15
ROCHESTER,15
OKLAHOMA CITY,15
NATIONAL CITY,14
CARROLLTON,14
DOVER,14
ANTIOCH,14
MARIETTA,14
BRENTWOOD,14
LENEXA,14
PETALUMA,14
PORTERVILLE,14
EL DORADO HILLS,14
GRAND RAPIDS,14
HONOLULU,14
ELK GROVE,14
LAKE ARROWHEAD,14
SAN YSIDRO,14
WAYNE,14
SANTA CRUZ,13
LEHI,13
NUEVO,13
SALEM,13
ADDISON,13
AUBURN,13
BENICIA,13
TRABUCO CANYON,13
WEST SACRAMENTO,13
BEND,13
NORCROSS,13
KENT,13
ARROYO GRANDE,13
LAFAYETTE,13
PARSIPPANY,13
VANCOUVER,13
WICHITA,13
STAMFORD,13
SALINAS,13
DANVILLE,13
ROCKVILLE,13
EMERYVILLE,13
CHATTANOOGA,12
RAMONA,12
MONTEREY,12
ARVADA,12
CHARLESTON,12
SPRINGFIELD,12
LA MESA,12
REDMOND,12
ANN ARBOR,12
GREENVILLE,12
BUFFALO,12
VIRGINIA BEACH,12
SPARKS,12
MILPITAS,12
LEXINGTON,12
ATASCADERO,12
GREENSBORO,12
OAK VIEW,12
MOUNTAIN VIEW,12
DAVIS,12
NAPA,12
TROY,12
WOODBURY,11
CHICO,11
NORTH LAS VEGAS,11
OMAHA,11
BROOMFIELD,11
FAIRFAX,11
SOLVANG,11
SANTA FE,11
PEORIA,11
SPRING VALLEY,11
PACIFIC PLSDS,11
TULARE,11
WALTHAM,11
LONDON,11
DULUTH,11
CENTENNIAL,11
NIPOMO,11
VAL VERDE,11
HELENDALE,11
SAINT PAUL,11
GREENWOOD VILLAGE,11
LAGUNA WOODS,10
CARMEL,10
MADERA,10
STERLING,10
MOJAVE,10
WOODINVILLE,10
SCHAUMBURG,10
BIG BEAR CITY,10
LODI,10
JERICHO,10
GLASSELL PARK,10
CORAL GABLES,10
EUGENE,10
BARSTOW,10
HANSEN HILLS,10
ALBANY,10
SOUTHFIELD,10
MAMMOTH LAKES,10
RICHARDSON,10
TWENTYNINE PALMS,10
DETROIT,10
CHEYENNE,10
UNION CITY,9
SARASOTA,9
NEW ORLEANS,9
MILL VALLEY,9
EAGLE,9
LINCOLN,9
VALLEY VLG,9
FAYETTEVILLE,9
DURHAM,9
COACHELLA,9
MARLBOROUGH,9
GILBERT,9
MCLEAN,9
VALLEY CENTER,9
PARK CITY,9
NOVATO,9
SANFORD,9
KAGEL CANYON,9
PINON HILLS,9
MIRAMAR,9
CITRUS HEIGHTS,9
DEL MAR,9
CLEARWATER,8
ROUND ROCK,8
MILFORD,8
BELLINGHAM,8
MIDWAY CITY,8
DECATUR,8
JERSEY CITY,8
VERDUGO CITY,8
LOMPOC,8
WOBURN,8
TRACY,8
ANNAPOLIS,8
LYNNWOOD,8
TACOMA,8
GOLDEN,8
WESTPORT,8
VACAVILLE,8
DOWNERS GROVE,8
PLEASANT HILL,8
ROSWELL,8
BASKING RIDGE,8
KENNESAW,8
LINCOLN HEIGHTS,8
ALPINE,8
VALLEJO,8
WINDSOR,8
SAN CARLOS,8
FREDERICK,7
SEBASTOPOL,7
MENLO PARK,7
RANCHO SANTA FE,7
WRIGHTWOOD,7
EDEN PRAIRIE,7
HUNTINGTON PK,7
WINTER PARK,7
GEORGETOWN,7
PRESCOTT,7
HORSHAM,7
KALAMAZOO,7
NORTH CANTON,7
EDISON,7
NORTHFIELD,7
BATON ROUGE,7
CARSON CITY,7
DES MOINES,7
MCCLELLAN,7
BIG BEAR LAKE,7
EXTON,7
NAPERVILLE,7
ASHBURN,7
MARTINEZ,7
KEENE,7
WEST CHESTER,7
WOODCLIFF LAKE,7
PEARBLOSSOM,7
PURCHASE,7
CAMDEN,7
LEWISVILLE,7
VIENNA,7
GREENWICH,7
SIOUX FALLS,7
MINDEN,7
SHERIDAN,7
CASPER,7
MENTONE,7
EARTH CITY,7
CARY,7
FAIR OAKS,7
HAUPPAUGE,7
PRINCETON,7
RENTON,7
TUALATIN,7
COPPELL,7
MENOMONEE FALLS,7
KINGMAN,7
SPOKANE,7
MC LEAN,7
MAHWAH,7
THE WOODLANDS,7
LOVELAND,7
NEWTON,7
PINE MOUNTAIN CLUB,7
EAST RANCHO DOMINGUEZ,6
MELBOURNE,6
GAINESVILLE,6
FORT COLLINS,6
EVERETT,6
BEDFORD,6
LINCOLNSHIRE,6
SHELTON,6
CALEXICO,6
HUNTSVILLE,6
HANFORD,6
FRAMINGHAM,6
HOLLISTER,6
ALLENTOWN,6
CANYON CNTRY,6
WESTON,6
WESTLAKE VLG,6
GRANITE BAY,6
SILVER SPRING,6
CEDAR RAPIDS,6
HOMELAND,6
LITTLETON,6
LAKE HAVASU CITY,6
FRISCO,6
FITCHBURG,6
SOMERSET,6
CHELMSFORD,6
HARTFORD,6
COLLEGE STATION,6
AUBURN HILLS,6
SOUTH JORDAN,6
LEMON GROVE,6
NAPLES,6
TORONTO,6
ASHLAND,6
JASPER,6
PITTSBURG,6
COVINGTON,6
MANCHESTER,6
FORT MYERS,6
SUGAR LAND,6
CHESTERFIELD,6
WALLINGFORD,6
CHANTILLY,6
MIDDLETOWN,6
CHERRY VALLEY,6
SAINT PETERSBURG,6
GRAND PRAIRIE,6
LAKE MARY,6
CARMICHAEL,6
DELANO,6
MALVERN,6
SONOMA,6
GRASS VALLEY,6
EAGAN,6
SANTA YNEZ,6
MOUNT PLEASANT,6
BUFORD,6
KIRKLAND,6
NEWTOWN SQUARE,5
BURNSVILLE,5
HIGHLANDS RANCH,5
PARKER,5
IMPERIAL BEACH,5
HANOVER,5
HAMILTON,5
SYRACUSE,5
COARSEGOLD,5
CALDWELL,5
LOGAN,5
PORT WASHINGTON,5
CARDIFF BY THE SEA,5
MORRISTOWN,5
MARINA DL REY,5
OGDEN,5
BALDWIN HILLS,5
MELVILLE,5
GERMANTOWN,5
CAPISTRANO BEACH,5
PENNSAUKEN,5
CONSHOHOCKEN,5
CANONSBURG,5
NEEDHAM,5
CORONADO,5
SECAUCUS,5
EL CERRITO,5
BONITA,5
LEESBURG,5
DEERFIELD,5
SAN PABLO,5
MERCED,5
VERNON HILLS,5
UNION,5
TALLAHASSEE,5
VERO BEACH,5
PEBBLE BEACH,5
LEWES,5
BOYNTON BEACH,5
HILLSBORO,5
EL CENTRO,5
INDEPENDENCE,5
TUKWILA,5
CARDIFF,5
CASTRO VALLEY,5
FRANKLIN PARK,5
ROHNERT PARK,5
EVANSTON,5
HOOD RIVER,5
BEAVERTON,5
FOSTER CITY,5
PIRAEUS,5
CANTON,5
MANTECA,5
SEDONA,5
LAKE SHERWOOD,5
BUFFALO GROVE,5
LITTLE ROCK,5
SAMMAMISH,5
MONTGOMERY,5
MORRISVILLE,5
MOORESTOWN,5
DEERFIELD BEACH,5
WAUKESHA,5
WATSONVILLE,5
THERMAL,5
CORAL SPRINGS,5
THOUSAND PALMS,5
ITASCA,5
NORTHBROOK,5
EL PASO,5
LLANO,5
PHILLIPS RANCH,5
AMERICAN FORK,5
FLORHAM PARK,5
LAWRENCEVILLE,5
GAITHERSBURG,5
DAYTON,5
GARDEN CITY,5
TURLOCK,5
INDIAN WELLS,5
BOZEMAN,5
CONROE,5
PALMETTO,5
LEBEC,4
LOS OSOS,4
MENASHA,4
COTTONWOOD HEIGHTS,4
NORTH PALM BEACH,4
LAKE OSWEGO,4
FALLS CHURCH,4
ROSSMOOR,4
LISLE,4
ASHEVILLE,4
MERIDIAN,4
DRAPER,4
NORTH CHESTERFIELD,4
RAWLINS,4
LIVONIA,4
NORFOLK,4
WATERTOWN,4
MONROE,4
OLYMPIA,4
AMHERST,4
HEALDSBURG,4
SPOKANE VALLEY,4
ARLINGTON HEIGHTS,4
MANHATTAN,4
WARRENDALE,4
SOLON,4
NOVI,4
SHINGLE SPRINGS,4
TITUSVILLE,4
SOLANA BEACH,4
GREENWOOD,4
CAMBRIA,4
BRISBANE,4
NORTHVALE,4
SUWANEE,4
MONTECITO,4
SANTA FE SPGS,4
CHARLOTTESVILLE,4
JOHNS CREEK,4
NEW BRAUNFELS,4
ITHACA,4
OROVILLE,4
ATHENS,4
RIPON,4
MARYLAND HEIGHTS,4
WESTFIELD,4
FAIRPORT,4
SPARTANBURG,4
YORK,4
OAKDALE,4
LARKSPUR,4
SPARTA,4
MOUNT LAUREL,4
LOWELL,4
LOS GATOS,4
LOOMIS,4
BLOOMFIELD,4
LONGMONT,4
STATESVILLE,4
MILTON,4
BUELLTON,4
LIBERTYVILLE,4
KAYSVILLE,4
MIDLAND,4
NEWPORT COAST,4
MARLTON,4
TUCKER,4
BILLINGS,4
MARYSVILLE,4
MORRO BAY,4
CHERRY HILL,4
UTICA,4
LONE PINE,4
AGUANGA,4
FENTON,4
WARREN,4
MOBILE,4
LINDON,4
FISHERS,4
FERNDALE,4
CRANBERRY TOWNSHIP,4
KATY,4
GOLD RIVER,4
EAST SYRACUSE,4
ELGIN,4
BRONX,4
CAMERON PARK,4
FREDERICKSBURG,4
ROCKFORD,4
BEL AIR,4
RIDGECREST,4
FARGO,4
DALY CITY,4
NASHUA,4
KING OF PRUSSIA,4
SANDY,4
LUFKIN,4
PEMBROKE PINES,4
MCDONOUGH,4
WOODLAND,4
EXETER,4
AVENTURA,4
FREEHOLD,4
TWIN PEAKS,4
KENOSHA,4
HAWAIIAN GDNS,4
SOMERVILLE,4
ROLLING MEADOWS,4
KNOXVILLE,4
ST PETERSBURG,4
PORTSMOUTH,4
WEST PALM BEACH,4
OREM,4
SARATOGA,4
CERES,4
CLAYTON,4
JUPITER,4
WILLIAMSBURG,4
INCLINE VILLAGE,4
GARDNERVILLE,4
SHORELINE,4
SILVERADO,4
ORINDA,4
PEACHTREE CITY,4
COEUR D ALENE,4
BEACHWOOD,4
BRISTOL,4
ELK GROVE VILLAGE,4
JACKSON,4
OLDSMAR,4
GROVER BEACH,4
SMYRNA,4
FORT WAYNE,3
FARMINGTON,3
JOHNSON VALLEY,3
JAMAICA,3
CHAMPAIGN,3
SHREVEPORT,3
DICKINSON,3
RAPID CITY,3
PARK RIDGE,3
ALAMO,3
EAU CLAIRE,3
BREWSTER,3
MONARCH BEACH,3
WILLIAMSVILLE,3
EDGEWATER,3
OCALA,3
NEENAH,3
OAK RIDGE,3
BARRINGTON,3
GREEN VALLEY,3
EATONTOWN,3
DAYTONA BEACH,3
HUTCHINSON,3
PLYMOUTH MEETING,3
SEDALIA,3
CHESAPEAKE,3
LAKEVIEW TERRACE,3
BOTHELL,3
MORAGA,3
NORMAN,3
FARMINGTON HILLS,3
UKIAH,3
MERCER ISLAND,3
OAK BROOK,3
FORT WASHINGTON,3
HOPKINS,3
LIVINGSTON,3
WHIPPANY,3
CEDAR CITY,3
POMPANO BEACH,3
WESTWOOD,3
SEABROOK,3
EDMONDS,3
CELEBRATION,3
SPRING,3
NEWPORT,3
MORGAN HILL,3
READING,3
PARAMUS,3
LELAND,3
FREEPORT,3
COTO DE CAZA,3
RIO RANCHO,3
LUBBOCK,3
APTOS,3
ELMIRA,3
LAKEVILLE,3
SYLVAN LAKE,3
TYLER,3
SANDY SPRINGS,3
MORGANTOWN,3
ROSEMONT,3
KALISPELL,3
DANBURY,3
SUNSET BEACH,3
METAIRIE,3
SAINT JOSEPH,3
LITTLE FALLS,3
MISSOULA,3
MIDDLETON,3
VINELAND,3
WEST BLOOMFIELD,3
LANHAM,3
BRIDGEWATER,3
PIRU,3
BROOKFIELD,3
ORANGEVALE,3
RIDGEFIELD,3
CLIFTON,3
POTOMAC,3
NORTH SIOUX CITY,3
BRANCHBURG,3
SCHERTZ,3
PONTIAC,3
LOMBARD,3
POULSBO,3
GLENWOOD,3
DES PLAINES,3
DORAL,3
WEST JORDAN,3
THORNTON,3
SAN BRUNO,3
NEWBERG,3
O FALLON,3
EVANSVILLE,3
ROCHESTER HILLS,3
STUART,3
KENSINGTON,3
HARRISBURG,3
ORO GRANDE,3
PACIFICA,3
CLOVERDALE,3
MAYFIELD HEIGHTS,3
MILLBRAE,3
MASON,3
LA CANADA FLT,3
NORWELL,3
CENTREVILLE,3
RUNNING SPRINGS,3
PACIFIC GROVE,3
MIAMISBURG,3
CALABASAS HILLS,3
HAZELWOOD,3
BRAWLEY,3
FORT LEE,3
SADDLE BROOK,3
HACKENSACK,3
GILROY,3
STOUGHTON,3
ANGOLA,3
BLUE BELL,3
RANCHO MISSION VIEJO,3
LINTHICUM,3
VASHON,3
BOULDER CITY,3
TEMPLE,3
PAWTUCKET,3
ENFIELD,3
WELLINGTON,3
SOUTHAMPTON,3
OLATHE,3
MEDFORD,3
FARMERS BRANCH,3
NEVADA CITY,3
WOODSTOCK,3
PEABODY,3
BEVERLY,3
PANORAMA,3
BETHEL,3
SAINT CLOUD,3
CAMAS,3
PLACERVILLE,3
MANSFIELD,3
WILTON,3
PISCATAWAY,3
VICTORIA,3
STATEN ISLAND,3
SHERMAN VILLAGE,3
PERRY,3
ASTORIA,3
MARIPOSA,3
RAMSEY,3
BRUNSWICK,3
THE COLONY,3
REEDLEY,3
PENN VALLEY,3
GRAPEVINE,3
DEARBORN,3
ROME,3
CORPUS CHRISTI,3
SOUTH BEND,3
HUNT VALLEY,3
WORCESTER,3
JONESBORO,3
SALIDA,3
NORTH SALT LAKE,3
KANNAPOLIS,3
DEER PARK,3
WEST LAKE HILLS,3
CALIENTE,3
BLUE JAY,3
GLEN BURNIE,3
IDYLLWILD,3
CUPERTINO,3
MECHANICSBURG,3
GREEN BAY,3
LAWRENCE,3
LYNDHURST,3
FORT SMITH,3
ALTAMONTE SPRINGS,3
TOPEKA,3
SOUTH LAKE TAHOE,3
BOLINGBROOK,3
WILLIAMSTOWN,3
WEST FARGO,3
FLOWER MOUND,2
TERRE HAUTE,2
WEST CALDWELL,2
STURTEVANT,2
BALA CYNWYD,2
STATE COLLEGE,2
MOON TOWNSHIP,2
HINSDALE,2
NEW BRUNSWICK,2
ARMONK,2
ROSHARON,2
PEAPACK,2
NESCONSET,2
MCALLEN,2
FAIRLAWN,2
SHAFTER,2
MARICOPA,2
SOUTH PORTLAND,2
SAGINAW,2
QUINCY,2
LAKE ZURICH,2
KIFISSIA,2
FARMINGDALE,2
NORTH CHARLESTON,2
GALVESTON,2
OLANCHA,2
WOFFORD HEIGHTS,2
MANKATO,2
ANDOVER,2
NEW CASTLE,2
LOS ALTOS,2
MEDIA,2
BOW,2
MONUMENT,2
KING CITY,2
HALLANDALE BEACH,2
SALISBURY,2
BELMONT,2
MILLBROOK,2
SMITHVILLE,2
HURRICANE,2
ESSEX JUNCTION,2
VALLEY STREAM,2
PIKESVILLE,2
VALPARAISO,2
KENNETT SQUARE,2
NORTH ANDOVER,2
BELLEVILLE,2
SONORA,2
BLOOMFIELD HILLS,2
ELIZABETH,2
WICHITA FALLS,2
DIAMOND SPRINGS,2
BELLA VISTA,2
COCKEYSVILLE,2
CRANFORD,2
MAPLE GROVE,2
CORRALES,2
OXFORD,2
NEWBERRY SPRINGS,2
LEAVENWORTH,2
NEWTOWN,2
SANTA MARGARITA,2
SAINT PETERS,2
OVIEDO,2
LAKEWAY,2
"VANCOUVER, BC",2
FORT MILL,2
WASCO,2
IMPERIAL,2
WEST ROXBURY,2
WARRENVILLE,2
ROSELLE,2
NORTH HIGHLANDS,2
HUNTERSVILLE,2
DAVENPORT,2
RIVERDALE,2
CORTE MADERA,2
LOS ANGLES,2
PEACHTREE CORNERS,2
PRIOR LAKE,2
BRADENTON,2
WASHOUGAL,2
BLUE ASH,2
GLEN ELLYN,2
MONTPELIER,2
GRETNA,2
ATWATER,2
JOHNSTOWN,2
LITTLE ELM,2
NEWNAN,2
HEBER,2
HEBER CITY,2
HARTSDALE,2
PLAINFIELD,2
YOUNGSVILLE,2
JOHNSTON,2
VALHALLA,2
PALO CEDRO,2
HUNTINGTON,2
CRANBURY,2
CEDAR GLEN,2
MONTVALE,2
WESTBOROUGH,2
YELLOW SPRINGS,2
AKRON,2
VENICE BEACH,2
GOODLETTSVILLE,2
SOUTH EASTON,2
NEW HOPE,2
BROCKTON,2
RIVERVIEW,2
EL RENO,2
HIAWATHA,2
LOVES PARK,2
ERIE,2
CHADDS FORD,2
MUSCATINE,2
MT BALDY,2
OLD BRIDGE,2
TIBURON,2
KETTLEMAN CITY,2
LONDONDERRY,2
EAST WENATCHEE,2
HENRICO,2
MUNCIE,2
OPELIKA,2
COVENTRY TOWNSHIP,2
RCH PALOS VRD,2
MARSHALL,2
MANASSAS,2
ORANGE COVE,2
BRIGHTON,2
DULLES,2
NORRISTOWN,2
ORCUTT,2
MONEE,2
LINTHICUM HEIGHTS,2
PROVIDENCE,2
LINDEN,2
REDWOOD VALLEY,2
UNIVERSITY PARK,2
CONYERS,2
SCOTTS VALLEY,2
GONZALES,2
HUDSON,2
YACOLT,2
KINGWOOD,2
W TOLUCA LAKE,2
WEST LINN,2
LAKE ELMO,2
TOPSFIELD,2
PORT LUDLOW,2
SAINT GEORGE,2
PEWAUKEE,2
CHANHASSEN,2
JEFFERSON CITY,2
PALM HARBOR,2
HILLIARD,2
TOLUCA TERRACE,2
BALLSTON LAKE,2
MANLIUS,2
LYNCHBURG,2
EAST GRANBY,2
WEBSTER,2
SAN JUAN BAUTISTA,2
ROMOLAND,2
STRONGSVILLE,2
AVON,2
WATERBURY,2
CABAZON,2
HILO,2
NEW BERLIN,2
LANSDALE,2
COOKEVILLE,2
CAPE CORAL,2
TAUNTON,2
MELROSE PARK,2
COLD SPRING,2
MOUNT JULIET,2
MESQUITE,2
WOOSTER,2
BEDMINSTER,2
ARCATA,2
BETHLEHEM,2
WHITE BEAR LAKE,2
CEDAR GROVE,2
NEW HAVEN,2
KERMAN,2
EAST HAMPTON,2
FOREST LAKE,2
MAUMEE,2
SIOUX CITY,2
BURR RIDGE,2
ORO VALLEY,2
NEWINGTON,2
ENGLEWOOD CLIFFS,2
FOUNTAIN VLY,2
HAYDEN,2
PORT CHESTER,2
SUMAS,2
HOLMDEL,2
DESCANSO,2
BLUE LAKE,2
DOYLESTOWN,2
PENSACOLA,2
CARLISLE,2
OKEMOS,2
SWEDESBORO,2
ARVIN,2
PARADISE,2
HOLBROOK,2
CHESHIRE,2
HILLSBOROUGH,2
GRAND JUNCTION,2
HOLLAND,2
VINEYARD,2
FRIENDSWOOD,2
IVINS,2
BRIDGETON,2
BERMUDA DUNES,2
OCONOMOWOC,2
STREAMWOOD,2
TEMPLETON,2
MANHATTAN BCH,2
SCARSDALE,2
ELMWOOD PARK,2
STAFFORD,2
SHOREVIEW,2
ATHOL,2
BROOKLYN PARK,2
WATERLOO,2
LARGO,2
NOBLESVILLE,2
EASTON,2
MURFREESBORO,2
MENTOR,2
NORTH RICHLAND HILLS,2
ZEBULON,2
SCHENECTADY,2
TURTLE CREEK,2
BELTSVILLE,2
COLFAX,2
ELKHART,2
CLEARWATER BEACH,2
MCKINNEY,2
WOODBRIDGE,2
DELRAY BEACH,2
EAST PALO ALTO,2
GREER,2
CAPITOLA,2
BERWICK,2
FOWLER,2
LONGVIEW,2
PUEBLO,2
OAKTON,2
KELLER,2
ST LOUIS PARK,2
N LAS VEGAS,2
JUNO BEACH,2
BOWIE,2
HUMBLE,2
TERRELL,2
CROWLEY,2
MOUNT PROSPECT,2
AUGUSTA,2
RED WING,2
NEW PROVIDENCE,2
BONSALL,2
BRADFORD,2
SUMMIT,2
DEXTER,2
LATHROP,2
MIAMI BEACH,2
MAHOPAC,2
ANCHORAGE,2
WOODLAND PARK,2
MATHER,2
FLORENCE,2
APOPKA,2
MOORESVILLE,2
WILMETTE,2
SINGAPORE 038988,2
JEFFERSONVILLE,2
GOODYEAR,2
ANACORTES,2
PLEASANT PRAIRIE,2
SAUSALITO,2
NORTH KANSAS CITY,2
MADEIRA BEACH,2
BERWYN,2
BAINBRIDGE ISLAND,2
WIXOM,2
WHITESBORO,2
SYOSSET,2
SAN BERNADINO,2
BELLE CHASSE,2
HARRISON,2
DRESHER,2
LAKEVIEW,2
COLLEGEVILLE,2
OAKHURST,2
EAST SAINT LOUIS,2
SPICEWOOD,2
ANDERSON,2
CHESTER,2
MORRIS,2
DINUBA,2
KEW GARDENS,2
WILLOUGHBY,2
PORTOLA VALLEY,2
MURRAY,2
EDINBURGH,2
LAKE STEVENS,2
HICKSVILLE,2
SOUTHBOROUGH,2
OZARK,2
SUMNER,2
OWATONNA,2
CRAWFORD,2
ROSEWOOD,2
OWINGS MILLS,2
HOLTVILLE,2
BUTLER,2
GALT,2
WAUWATOSA,2
PARKVILLE,2
MIDLOTHIAN,2
EDMOND,2
TYSONS CORNER,2
BAYSIDE,2
ELLICOTT CITY,2
LEES SUMMIT,2
ROSLYN HEIGHTS,2
SUNRISE,2
MAPLEWOOD,2
HOBOKEN,2
LEAWOOD,2
WEST HEMPSTEAD,2
NORTHBOROUGH,2
CANBY,2
YOUNGSTOWN,2
HAINESPORT,2
JACKSONVILLE BEACH,2
SANTA SUSANA,2
QUEEN CREEK,2
MISSION,2
WOOD DALE,2
PISMO BEACH,2
RODEO,2
NORTH BRUNSWICK,2
LEMOORE,2
CORNELL,2
CRESTON,2
PLAINVIEW,2
FOXBORO,2
MOUNT VERNON,2
KINGSPORT,2
ATHERTON,2
MCMINNVILLE,2
BECKLEY,2
CHATHAM,2
TWINSBURG,2
WAUNAKEE,2
BLAINE,2
WOODS CROSS,2
BULLHEAD CITY,2
YARMOUTH,2
ORLAND,2
BLUFFTON,2
TOMBALL,2
ROGERS,2
SHARONVILLE,2
CORTLANDT MANOR,2
RANDOLPH,2
FORNEY,2
MEQUON,2
EAST MEADOW,2
WYOMING,2
YUBA CITY,2
BELOIT,2
RICHFIELD,2
PINEVILLE,2
WINSTON SALEM,2
CASTLE ROCK,2
TUSCALOOSA,2
EDEN,2
FLUSHING,2
NAMPA,2
BERKELEY LAKE,2
WEST HARTFORD,2
BOHEMIA,2
DENTON,2
STILLWATER,2
FAIRBORN,2
SOUTHBURY,2
MORRIS PLAINS,2
MARCH AIR RESERVE BASE,2
DAVIE,2
KINGSBURG,2
BENSON,2
WEST ALLIS,2
WAILUKU,2
AIRMONT,2
DIXON,2
LEAGUE CITY,2
AMSTERDAM,2
PULLMAN,2
VALLEY SPRINGS,2
SLIDELL,2
OCEANO,2
CAMINO,2
LEBANON,2
SPRINGVILLE,2
CATHEDRAL CTY,2
ABERNATHY,2
SNOHOMISH,2
MIAMI LAKES,2
BILLERICA,2
SHAKOPEE,2
TRABUCO CYN,2
ROCKLEIGH,2
SAINT-LAURENT,2
LEICESTER,1
"RICHMOND, BC",1
PIERRE,1
FREELAND,1
WESTLAKE,1
CANTIL,1
RANCHO PARK,1
BATTLE CREEK,1
FLINT,1
WEXFORD,1
EAST GREENWICH,1
WILSON,1
GREENBELT,1
ROCK SPRINGS,1
FALMOUTH,1
SHADY SHORES,1
LAVEEN,1
ENTERPRISE,1
TOWNSBURG,1
MAPLETON,1
PAHALA,1
KINGSTON,1
HOOVER,1
BONITA SPRINGS,1
GORMAN,1
WESTERLY,1
WILLOWBROOK,1
ST CATHARINES ONTARIO L2N 1L2,1
ISLA VISTA,1
MABELVALE,1
SN BERNRDNO,1
BRESSIEUX,1
SWANTON,1
WALPOLE,1
SOUTH BRISTOL,1
BRIDGEPORT,1
HENLEY ON THAMES RG9 3BL,1
TONAWANDA,1
LAKE ST LOUIS,1
YPSILANTI,1
NEW LENOX,1
BAYFIELD,1
WARMINSTER,1
TULALIP,1
GREENPORT,1
BRATTLEBORO,1
POTTER VALLEY,1
CHULUOTA,1
KOBENHAVN,1
FRANKLIN LAKES,1
CHESTERBROOK,1
PFLUGERVILLE,1
WAUSAU,1
CHIPPEWA FALLS,1
CADILLAC,1
NORTH KINGSTOWN,1
SUITLAND,1
WILSONVILLE,1
GARY,1
BUHLER,1
CHALK RIVER,1
HOLLADAY,1
WALNUT GROVE,1
WEST SPRINGFIELD,1
SIKESTON,1
SAN ANGELO,1
WEST DEPTFORD,1
KURTISTOWN,1
EULESS,1
WINNIPEG MB R2LOX3,1
HIGHLAND FALLS,1
NEW FAIRFIELD,1
IDLEWYLDE,1
"KHLONG-TOEY, BANGKOK",1
MORRISON,1
SEASIDE,1
SOUTH WINDSOR,1
MICANOPY,1
MAMARONECK,1
HARDY,1
NEW SMYRNA BEACH,1
CORVALLIS,1
ENNIS,1
AVONDALE,1
LEMONT,1
GLENCOE,1
PELHAM,1
GARNER,1
NIANTIC,1
CHICOPEE,1
CLARK FORK,1
WISCONSIN RAPIDS,1
MIDVALE,1
ISLAMORADA,1
POST FALLS,1
GRANBAY,1
WICKLIFFE,1
SAPULPA,1
LAGRANGE,1
SANTA ROSA VA,1
SAN ANSELMO,1
BLOOMINGBURG,1
GREELEY,1
HARLOWTON,1
SEDRO WOOLLEY,1
TAYLORS,1
BANGOR,1
BARTLESVILLE,1
GIBSONIA,1
ROWLAND HGTS,1
FAIRBURN,1
TRAVERSE CITY,1
MOUNTVILLE,1
WEEKI WACHEE,1
RIESEL,1
NOBLE,1
DARLINGTON,1
NORTH READING,1
BAY HARBOR ISLANDS,1
TREMONTON,1
EAST STROUDSBURG,1
COPPEROPOLIS,1
DANIA,1
HUDSONVILLE,1
MILLER PLACE,1
MYERSVILLE,1
YELM,1
ELMHURST,1
JESSUP,1
"TORONTO, ON  M5V 1K4 CANADA",1
ANGLETON,1
RACINE,1
SANDWICH,1
SOUTH RIVER,1
CREAM RIDGE,1
"VANCOUVER, BC V6G1A5",1
SOUTH LYON,1
OPA LOCKA,1
MINERVA,1
JEANERETTE,1
HARBOR PLACE,1
LITITZ,1
HERSHEY,1
RCH CUCAMONGA,1
VICTORIA BC V8W 1T7,1
WENATCHEE,1
CAPRISTRANO BEACH,1
WHEATON,1
WELLSVILLE,1
CALVERTON,1
PLATTE CITY,1
BURLESON,1
BLAUVELT,1
LINDENWOLD,1
RESEARCH TRIANGLE PARK,1
GRANVILLE,1
DURANT,1
GROTON,1
"NORTH VANCOUVER,  B.C.",1
MANTEO,1
TALLASSEE,1
WHEELING,1
HOLLISTON,1
MECCA,1
MOUNTAIN CENTER,1
ZELIENOPLE,1
GIG HARBOR,1
CEDAR LAKE,1
SUISUN CITY,1
PARADISE VALLEY,1
MATTHEWS,1
HANOVER TOWNSHIP,1
SUPERIOR,1
SEVEN POINTS,1
WETHERSFIELD,1
STEVINSON,1
DETROIT LAKES,1
COTATI,1
POLLOCK PINES,1
HYANNIS,1
BERLIN,1
NORTH BELLMORE,1
DICKSON,1
WEST VALLEY,1
OSTERVILLE,1
GREENFIELD,1
WATTS,1
SAUGERTIES,1
VICTOR,1
INVER GROVE HEIGHTS,1
MI,1
"CALGARY, AB T2P 2Y5",1
OAKLAND GARDENS,1
QUEENS CREEK,1
HAILEY,1
GRESHAM,1
TIGARD,1
NORTHGLENN,1
CAMDEN LONDON WC1A 1JJ,1
OGDENSBURG,1
MENDOTA HEIGHTS,1
"MINATO-KU, TOKYO, JAPAN",1
TEWKSBURY,1
YREKA,1
INWOOD,1
CORCORAN,1
FOREST GROVE,1
STAR,1
KOBE HYOGO-KEN,1
LAMIRADA,1
SOUTHERN PINES,1
HUNTINGTON STATION,1
UPPER DARBY,1
DAGGETT,1
"LONDON, ENGLAND SW9 6DE",1
CEDAR PARK,1
ALTOONA,1
NORTHLAKE,1
DOCKLANDS VIC 3008,1
ELKO,1
WEATOGUE,1
LAWRENCE TOWNSHIP,1
FORT BRAGG,1
"ROMFORD, ESSEX RM1 4LH",1
NORTH HOLLWOOD,1
ARCADE,1
APACHE JUNCTION,1
IONE,1
ROXBURY CROSSING,1
MANHASSET,1
DORCHESTER,1
HARLINGEN,1
PEARL,1
"1119RA, SCHIPHOL RIJK,",1
PRICE,1
MONETA,1
KENNERDELL,1
WINDER,1
HALF MOON BAY,1
UNION GROVE,1
SALINA,1
HUFFMAN,1
FUQUAY VARINA,1
STATELINE,1
PENNGROVE,1
IRONDALE,1
HANOVER PARK,1
ROSEBURG,1
FRONT ROYAL,1
OCEAN,1
FALLON,1
SOUTH BARRINGTON,1
ST GEORGE,1
GREAT BEND,1
CULPEPER,1
BLUEFIELD,1
RAYMORE,1
KETTERING,1
ELLISVILLE,1
LILLINGTON,1
COCOA,1
LITTLESTOWN,1
07745 JENA,1
OAKLEY,1
"VICTORIA, BC",1
EDMONTON,1
CUMBERLAND,1
ELK GROVE VLG,1
ROOSEVELT,1
BORING,1
ORTING,1
CORDOVA,1
NOLENSVILLE,1
RIVERBANK,1
CARNEGIE,1
FALL RIVER,1
VILLA RICA,1
FINKSBURG,1
HARAHAN,1
GALLOWAY,1
WEST VANCOUVER,1
ACWORTH,1
CENTER VALLEY,1
ROBINSON,1
OWOSSO,1
LA CROSSE,1
REYNOLDSVILLE,1
ANKENY,1
MCHENRY,1
PLEASANT VIEW,1
CATONSVILLE,1
SUN LAND,1
STEVENS POINT,1
LEHIGH ACRES,1
NEW CARLISLE,1
HACKETTSTOWN,1
STREATOR,1
NORTHPORT,1
PLANTATION,1
"MONTRÃ‰AL, QC H4Z 1G8, CANADA",1
PEARLAND,1
YARDLEY,1
ALKMAAR,1
CHARLTON,1
BLACKFOOT,1
LAKE BUENA VISTA,1
RYE,1
BROOKINGS,1
OLMSTED TWP,1
FARIBAULT,1
HATBORO,1
LITHONIA,1
HAVILAH,1
RED HOOK,1
TOKYO,1
GRAWN,1
COMMERCE TOWNSHIP,1
SOUTH WEBER,1
AMESBURY,1
GRANTS PASS,1
SEALY,1
WEST,1
BROADVIEW,1
LIGHTHOUSE POINT,1
"AJELTAKE ISLAND, MAJURO",1
MILLINGTON,1
PORT CRANE,1
PAONIA,1
GLENOLDEN,1
WEST SENECA,1
NICHOLASVILLE,1
MOUNT SHASTA,1
HATHAWAY PINES,1
WEST DES MOINES,1
RAYNHAM,1
GUASTI,1
ZIONSVILLE,1
VANCOUVER BC  V6E  4A2,1
BREMERTON,1
ELMONT,1
"FELIXSTOWE, SUFFOLK",1
NEW CITY,1
FARNBOROUGH GU14 7PW,1
GRIFFIN,1
ANSAN-SI GYEONGGI-DO,1
VERGENNES,1
MONTEAGLE,1
INDIAN HARBOUR BEACH,1
LORTON,1
COLLIERVILLE,1
BOUNTIFUL,1
WANTAGH,1
SAINT HELENA,1
JAMUL,1
NANUET,1
LITCHFIELD PARK,1
ST PAUL,1
FLAT ROCK,1
WILKINSBURG,1
WEST WAREHAM,1
STEPHENS CITY,1
ARDEN,1
"TSING YI, N.T.  HONGKONG",1
EAST WINDSOR,1
MILSONS POINT NEW SOUTH WALES,1
EXPORT,1
LEWIS CENTER,1
ABINGDON,1
MEDINA,1
AVERY ISLAND,1
DOWNINGTOWN,1
HUGHESVILLE,1
KLAMATH FALLS,1
NORTH LAWRENCE,1
HORSEHEADS,1
CHAMBLEE,1
SELMA,1
LAKE LOS ANGELES,1
WACO,1
KAMUELA,1
BIGFORK,1
TORONTO ONTARIO M4C3P5,1
CASTLE PINES,1
WAITSFIELD,1
EDGARTOWN,1
NORTH BILLERICA,1
"GALIANO ISLAND, BC V0N1P0",1
WHITEFISH,1
ETIWANDA,1
NORTH SYRACUSE,1
ORANGE CITY,1
NINEVEH,1
KEARNY,1
MITCHELL,1
KANGNAMKU SEOUL,1
RICE LAKE,1
GRIMES,1
BEECHER,1
VAN BUREN,1
WOLFEBORO,1
BELL FLOWER,1
ST BRUNO QUEBEC J3V 3P8,1
EDWARDS AFB,1
POTTSTOWN,1
STATESBORO,1
HELENA,1
MT PLEASANT,1
00148 ROME ITALY,1
DRIPPING SPRINGS,1
WAPAKONETA,1
VANDALIA,1
HILLSIDE,1
NINE MILE FALLS,1
DERRY,1
SPRING GROVE,1
ZEELAND,1
ZENDA,1
CLIFTON HEIGHTS,1
"NOGOAKA, NIIGATA",1
SOUTH JACKSONVILLE,1
PRAIRIE VILLAGE,1
EDINA,1
DOUGLASVILLE,1
MONTGOMERY VILLAGE,1
SEATAC,1
FOUNTAIN HILLS,1
PERTH AMBOY,1
WELDON SPRING,1
LAKE BLUFF,1
COWES,1
WADDELL,1
WHITE CITY,1
SYCAMORE,1
E PALMDALE,1
WINTERSET,1
CUMMING,1
RANCHO STA MARG,1
INYOKERN,1
INDIANOLA,1
COCOA BEACH,1
GREENE,1
SPRINGBORO,1
OAKBROOK TERRACE,1
RADNOR,1
ALVISO,1
PLAIN CITY,1
BERKELEY HEIGHTS,1
WALDRON,1
MONT-ROYAL QUEBEC H3P 3C8,1
ALBERS,1
COOLIDGE,1
LOGANVILLE,1
WALKERSVILLE,1
PARMA,1
LANOKA HARBOR,1
"COQUITLAM, BC V3C 3T5",1
NEW WINDSOR,1
LIHUE,1
SMYMA,1
LAKEWOOD RANCH,1
CHASKA,1
MIDDLEBURG,1
BRYAN,1
GRAND ISLAND,1
LOS BANOS,1
"GWANGJIN-RO, SEOUL",1
OREGON CITY,1
LORAIN,1
SHELBY,1
BROUSSARD,1
NORTH OLMSTED,1
KEYPORT,1
RED BLUFF,1
ABBOTT PARK,1
LEE,1
SOUTH PLAINFIELD,1
EAST BRUNSWICK,1
ALSIP,1
DUXBURY,1
SOUTH BURLINGTON,1
CENTRAL POINT,1
SANDISFIELD,1
CARUTHERS,1
PALOS VERDES,1
VINE GROVE,1
URBANA,1
LEOLA,1
DATIL,1
PEARL RIVER,1
STREETSBORO,1
NEWPORT NEWS,1
NORTH TONAWANDA,1
NEW BEDFORD,1
GABBS,1
CAPE VINCENT,1
THEODORE,1
TENAFLY,1
SUN VILLAGE,1
OLD HICKORY,1
CHAPEL HILL,1
LONDON W1S 1BD,1
SWANSEA,1
GLADEWATER,1
MURRYSVILLE,1
LIBERTY HILL,1
BAGLEY LANE,1
SMITHFIELD,1
HOOFDDORP,1
"MARKHAM, ONTARIO",1
CONIFER,1
CHERRY HILLS VILLAGE,1
LAUREL,1
TORONTO ONTARIO CANADA,1
TYLERTOWN,1
"COALDALE, ALBERTA",1
OWENS X RDS,1
UNIONDALE,1
PORTMOUTH,1
YORKVILLE,1
SAINT LOUIS PARK,1
ALVARADO,1
BLACKSBURG,1
NORTH VANCOUVER BC V7P1R2,1
N MASSAPEQUA,1
WACONIA,1
"BURNABY, BC V5G 0B8",1
SCHKEUDITZ,1
BUZZARDS BAY,1
EAST HARTFORD,1
ANTELOPE,1
TECATE,1
WAUKEGAN,1
MOOSIC,1
HINCKLEY,1
BENJAMIN,1
"OAKVILLE, ON L6L 0G2",1
GARLAND,1
"MINATO KU, TOKYO",1
AMERICUS,1
IRA,1
GANJINGZI DISTRICT DALIAN,1
TALLMADGE,1
TUPMAN,1
WILLOWS,1
SYMAR,1
"TORONTO, ON M6C 1C3",1
SANDSTON,1
"OTTAWA, ONTARIO",1
ARGYLE,1
HUMAROCK,1
WESTHAMPTON BEACH,1
BURLEY,1
CLAIRTON,1
YORKTOWN,1
LAUGHLIN,1
FT LAUDERDALE,1
SUFFERN,1
LEWISTON,1
"BRISBANE, QLD 4006",1
IDABEL,1
ZANESVILLE,1
MONTGOMERYVILLE,1
ORANGEBURG,1
WEST CHICAGO,1
MAYFIELD,1
LETHBRIDGE AB,1
LARCHMONT,1
TRINIDAD,1
N CHELMSFORD,1
"KELOWNA, BC V1Y 9N7, CANADA",1
HOFFMAN ESTATES,1
PINOLE,1
SOUTHINGTON,1
COPAKE,1
COLONIA,1
ANDREWS,1
NEW HAMPTON,1
CAMP PENDLETON,1
DULZURA,1
BARI,1
WHITBY ONTARIO LIN6K9,1
PARIS,1
PORT MATILDA,1
HIALEAH,1
DEBARY,1
"MISSISSAUGA, ONTARIO",1
WHITE DEER,1
JAMESBURG,1
"QUEBEC, MONTREAL, H4Z1M1",1
HUERTH       GERMANY,1
DALTON GARDENS,1
MOSCOW,1
AVENEL,1
HUGO,1
WINONA,1
BALDWIN,1
MACEDONIA,1
BOWLING GREEN,1
S BURLINGTON,1
GAUTIER,1
LUCERNE VLY,1
OLIN,1
SULLIVANS ISLAND,1
RONKONKOMA,1
BRAMPTON ONTARIO L6T 4H6,1
RYE BROOK,1
FAIRHOPE,1
HARMONY,1
CHARLOTTETOWN  PE,1
SUCHES,1
BROKEN ARROW,1
HOUMA,1
BRUSSELS BELGIUM,1
NO-3194 HORTEN,1
HALLANDALE,1
"VANCOUVER, BC V7W2P2",1
HAUULA,1
"HAWKESBURY, ONT",1
LAVAL QUEBEC H7P6C5,1
DFW AIRPORT,1
HOLMES BEACH,1
SILVER SPRINGS,1
CALGARY,1
NORTH HOLLYWOOE,1
LOCUST VALLEY,1
MOSINEE,1
COLCHESTER,1
WAKEFIELD,1
VERDI,1
LULING,1
MARANA,1
BARTONVILLE,1
SHALLOTTE,1
GAFFNEY,1
POMPTON PLAINS,1
N. LAS VEGAS,1
CAMBRIDGE ONTARIO,1
WINDSOR LOCKS,1
MERRITT IS,1
HOMESTEAD,1
DUCOR,1
LAND O LAKES,1
MADRID,1
"TORONTO, ON, M5C 2V6",1
ROUND TOP,1
NORTH YORK,1
"TORONTO, ONTARIO M5J 1A1",1
201 KOPAVOGUR,1
SACHSE,1
HALTOM CITY,1
WEST VALLEY CITY,1
CHANNELVIEW,1
ODESSA,1
ROMEOVILLE,1
OLD GREENWICH,1
SAUCIER,1
DISTRICT HEIGHTS,1
MILLERSVILLE,1
ACCORD,1
MANASQUAN,1
CHOWCHILLA,1
HIGH POINT,1
WILLIAMS,1
MARIA DEL REY,1
DUNKIRK,1
TORONTO ON M5V3G2,1
BARRIE ONTARIO,1
WITTNEKA,1
MARTIN,1
LAKELAND,1
OTTAWA,1
MARBLEHEAD,1
MISSOURI CITY,1
TALLADEGA,1
MAHOMET,1
KITCHENER,1
SURREY BC,1
HAMMOND,1
CHEHALIS,1
TRONA,1
HAVANA,1
MARSEILLE,1
LAS CRUCES,1
MONONGAHELA,1
CHADWICK,1
PORTAGE,1
TAHOE CITY,1
WEST CONCORD,1
BATAVIA,1
CLACKAMAS,1
EAST NORRITON,1
KIHEI,1
VARNVILLE,1
DE SOTO,1
W LOS ANGELES,1
WATERVLIET,1
TARRYTOWN,1
DENISON,1
WOODSIDE,1
BORON,1
CREEDMOOR,1
EAST PROVIDENCE,1
BONDURANT,1
ST-GEORGES QUEBEC G5Y 0H1,1
KYIV 02000,1
KERNERSVILLE,1
PARIS FRANCE DNA,1
OWENSBORO,1
SPRECKELS,1
POCATELLO,1
HAW RIVER,1
KAILUA KONA,1
SAG HARBOR,1
EXCELSIOR,1
TELLURIDE,1
INLET BEACH,1
LUTHERVILLE,1
REDFORD,1
DEVORE HEIGHTS,1
LOYALTON,1
MONTREAL,1
OAKWOOD VILLAGE,1
N LITTLE ROCK,1
JOHNSBURG,1
EL TORO,1
ALLEN,1
GORDONSVILLE,1
SOUTH PETALUMA,1
CHANGZHOU JIANGSU 213003,1
"LEWES, EAST SUSSEX, BN86JL",1
DILLSBURG,1
WILLOWICK,1
MINERAL WELLS,1
FOREST PARK,1
CENTERVILLE,1
MOUNT MORRIS,1
DADE CITY,1
DOMINGUEZ,1
KILLEEN,1
MUNSTER,1
FREMONT VALLEY,1
MONROEVILLE,1
WEST HAVEN,1
MEADOW VISTA,1
PALM SPRING,1
W ENTRANCE WATERLOO ONTARIO,1
VANDERGRIFT,1
"AURORA, ONTARIO",1
BARGERSVILLE,1
GUERNEVILLE,1
N HILLS,1
W HENRIETTA,1
PADUCAH,1
DELAVAN,1
BELLEVILLE ONTARIO K8N OA3,1
FORT PAYNE,1
MARENGO,1
MILLERSBURG,1
OLD CHATHAM,1
SAVOY,1
ASTON,1
HALFMOON,1
CRESCENT CITY,1
HILMAR,1
MAITLAND,1
CAMPBELL HALL,1
BOXBOROUGH,1
ALBION,1
PLUMAS LAKE,1
MORTON GROVE,1
LATROBE,1
TETERBORO,1
MARCELINE,1
"BUSINESS BAY, DUBAI, UAE   PO",1
CONOVER,1
SURFSIDE BEACH,1
BARRIE ON L4N 6E5,1
PEORIA HEIGHTS,1
SHENANDOAH,1
CENTENNIAL TOWER,1
BEIT SHEMESH,1
EAST BRISBANE QLD 4169,1
BROWNS VALLEY,1
NOKESVILLE,1
PERRYSBURG,1
SHOREWOOD,1
SALTON CITY,1
FLEETWOOD,1
CARMI,1
PAPILLION,1
UPPER SANDUSKY,1
EVERGREEN,1
TENVIKVEIEN,1
PITTSFORD,1
WINTER GARDEN,1
"PICKERING, ONTARIO, L1W3V3",1
"VANCOUVER, BC V6B",1
ST LAURENT H4S 1J2,1
QUAIL VALLEY,1
TEQUESTA,1
COALVILLE,1
HURST,1
FOREST HILL,1
PLAINVILLE,1
EASTSOUND,1
UNIVERSITY CITY,1
SHEDD,1
CUYAMA,1
"EDMONTON, ALBERTA T5J3S4",1
ESOPUS,1
TORONTO  ONTARIO    M5V3J6,1
CALIPATRIA,1
BLOOMINGDALE,1
BELLWOOD,1
"TAIPEI, TAIWAN",1
"VANCOUVER, BC V5T 1R6",1
"TUAS LOT, 639107",1
SHOKAN,1
LUDLOW,1
RUTHERFORD,1
LONDON SW/W OBD,1
TELFORD,1
WINDSOR BERKSHIRE,1
NEW CANAAN,1
BETTENDORF,1
GUELPH ONTARIO,1
PALM BEACH GARDENS,1
SURPRISE,1
MILWAUKIE,1
KERSEY,1
DANVERS,1
BOURBONNAIS,1
NORTH FORT MYERS,1
NEEDLES,1
DELAND,1
WESTMONT,1
WATERLOO ON,1
N TONAWANDA,1
BELLEFONTAINE,1
WYNNEWOOD,1
CORBETT,1
CAMERON,1
LANDOVER,1
UTOPIA,1
JUNCTION CITY,1
PAHOA,1
HENEFER,1
WILLOUGHBY HILLS,1
"VANCOUVER, BC, V6B4N6",1
MOUNT SINAI,1
GLENDALE HEIGHTS,1
SOUTHGATE,1
HAZLETON,1
FAWNSKIN,1
SAVAGE,1
MCKEESPORT,1
CALABASA,1
CRESTWOOD,1
LYNDEN,1
NEW HOLLAND,1
LOS  ANGELES,1
SAGAPONACK,1
NEW ALBANY,1
ELLSWORTH,1
DELAWARE,1
SMARTSVILLE,1
THOMASVILLE,1
LITTLE COMPTON,1
CROSS ROADS,1
MONTREAL QUEBEC H4E 1AZ,1
MASHPEE,1
"SURREY, BC V3W 2X8",1
AVE MARIA,1
WASHOE VALLEY,1
"LONDON, ENGLAND NW6 2HE",1
SAN PEDROA,1
GLEN CARBON,1
BONNEY LAKE,1
BROOKHAVEN,1
"NORTH YORK, ON M2J4V6",1
FIFE,1
PIPERTON,1
ARAPAHOE,1
LAKE WALES,1
ISSAQUAH,1
WELCOME,1
MONETT,1
CTY OF CMMRCE,1
IRVINGTON,1
ELKRIDGE,1
PLEASANT PR,1
LOS ANGELS,1
MANTON,1
COLUMBIA FALLS,1
DALTON,1
UPPER SADDLE RIVER,1
LAKE ISABELLA,1
PEYTON,1
EUREKA,1
JENSEN BEACH,1
DUNEDIN,1
CLARKSTON,1
STANFIELD,1
FLAGSTAFF,1
"1911 FREDERIKSBERG, COPENHAGEN",1
CALHOUN,1
ANNISTON,1
"TORONTO, ONTARIO",1
NEEDHAM HEIGHTS,1
MACON,1
HERCULES,1
PORT ORANGE,1
SYLVANIA,1
ZELIENDOPLE,1
SWIFTWATER,1
PAYSON,1
CLINTON,1
NEW ROCHELLE,1
MERIDEN,1
VITACURA SANTIAGO,1
MAPLE SHADE,1
GRAIN VALLEY,1
MILLSBORO,1
CARPENTERSVILLE,1
LONDON E1W3HA ENGLAND,1
LIVERPOOL,1
BOSQUE FARMS,1
ANDES,1
GARNET VALLEY,1
HIXSON,1
CERRILLOS,1
AUDUBON,1
LONDON W4 2PD,1
BETHANY BEACH,1
LEIMERT PARK,1
BLACKWOOD,1
YOUNTVILLE,1
MIDDLEBORO,1
HYATTSVILLE,1
CINNAMINSON,1
SAND COULEE,1
TOHAJIILEE,1
NORTHAMPTON,1
SAINT CHARLES,1
LAKE VILLA,1
IRMO,1
WEST LAKE VILLAGE,1
"CALGARY, AB T2P 4L4",1
BERTHOUD,1
WORTHINGTON,1
PALM CITY,1
GRATZ,1
CORNING,1
EAST AURORA,1
MONCLAIR,1
MARQUETTE,1
WESTBURY,1
MTL QCHIA 3 N 6,1
NIWOT,1
OSHKOSH,1
ISELIN,1
BAY MINETTE,1
TREVOSE,1
ROYSTON,1
WAPPINGERS FALLS,1
WHITEHOUSE STATION,1
MAYVILLE,1
HAZLE TOWNSHIP,1
SOUTH HOLLAND,1
ROCKLAND,1
ANTHONY,1
RED HILL,1
"ETOBICOKE, ON M8Z",1
COOPERSBURG,1
NORTH RIDGE,1
EAST WEYMOUTH,1
ZADAR,1
LEWISBURG,1
PENROSE,1
EL MIRAGE,1
TERMINAL ISLAND,1
DARIEN,1
"YONGIN-SI, GYEONGGI=-DO",1
LA PORTE,1
ALTON,1
"NEWMARKET, ON L3Y7B5",1
ESSEX,1
CAIHUYING FENGTAI DISTRICT BEI,1
CHESTERLAND,1
ROANOKE,1
SIDNEY,1
SEARCY,1
NEVADA,1
CORAOPOLIS,1
WHITSETT,1
ELYRIA,1
DECORAH,1
ROCKAWAY,1
COLORADO SPGS,1
QUANTICO,1
SHIPPENSBURG,1
LONG BRANCH,1
ESPARTO,1
SUMMERLAND,1
BEAVERCREEK,1
SAN TAN VALLEY,1
CAMP VERDE,1
AJELTAKE ISLAND MAJURO,1
OLEAN,1
STEVENSVILLE,1
JONES MILLES,1
29 PALMS,1
VANCOUVER BC V6J 3B1,1
NEPTUNE,1
"RICHMOND HILL, CANADA L4B 3B3",1
NORTH HAVEN,1
MARINA,1
WALKER,1
GLENVIEW,1
CAMP PENDELTON,1
DELSON QC,1
SCHILLER PARK,1
RIDLEY PARK,1
FOWLERVILLE,1
NORTH MANKATO,1
ABERDEEN,1
NOTTINGHAM,1
EPSOM,1
BIG BEAR,1
SAINT-DAMIEN-DE-BUCKLAND,1
"RICHMOND, BC V6V",1
BEACON FALLS,1
LAKE HILL,1
BODFISH,1
CLAWSON,1
"NORTH VANCOUVER, BC V7P 2M8",1
ANAHIEM,1
SYKESVILLE,1
MARYVILLE,1
WOOODLAND HILLS,1
NORWOOD,1
SQUAW VALLEY,1
BAY POINT,1
WILKES BARRE,1
DUBUQUE,1
SAN MIGUEL,1
SPRINGDALE,1
HICKORY,1
ALLENDALE,1
GRAY COURT,1
PAMLDALE,1
LYONS,1
BOALSBURG,1
WHITE RIVER JUNCTION,1
KATONAH,1
UPPER MARLBORO,1
HOBART,1
LEANDER,1
MATAM HAIFA ISRAEL 31016,1
KOHLER,1
LIYANG CITY JIANGSU PROVINCE,1
BELL GARDEN,1
"CHEK LAP KOK, LANTAU ISLAND",1
ST CHARLES,1
WEST BRIDGEWATER,1
RJ BRASIL AL 000289,1
ANYANG-SI,1
HUNTERTOWN,1
HELSINKI FINLAND 00520,1
KENNEDY SPACE CENTER,1
KEAAU,1
CHAMBERY,1
RICHMOND  BC  V6W1J3,1
SHIRLEY,1
GLEN ALLEN,1
DICKERSON,1
PUYALLUP,1
VERONA,1
ZEPHYRHILLS,1
LOCKESBURG,1
SAUK CENTRE,1
SELAH,1
SOUTHLAKE,1
DEER VALLEY,1
SISTERS,1
MAPLETREE BUSINESS CITY,1
NORTH MUSKEGON,1
DAVIDSON,1
PLAINSBORO,1
GUILFORD,1
SEWICKLEY,1
RNCHO CORDOVA,1
EWING,1
"TORONTO, ONTARIO M4S 1A1",1
"CHISWICK, LONDON",1
NAUGATUCK,1
PEMBROKE,1
COLLEYVILLE,1
AUSTINTOWN,1
WESTAMPTON,1
SOUTH SALT LAKE,1
MADISON HEIGHTS,1
"TIRUCHIRAPPALLI, TAMIL NADU",1
PEPPER PIKE,1
HUEYTOWN,1
BISMARCK,1
ARROW BEAR,1
PORTER,1
KANKAKEE,1
SUNNYSIDE,1
CLANCY,1
SMITHTOWN,1
BEARBLOSSOM,1
CULVER,1
GLASTONBURY,1
POWDER SPRINGS,1
WOODLAND HILS,1
IOWA CITY,1
ELIZABETH LAKE,1
MOAPA,1
CAPO BEACH,1
TEL AVIV,1
NASSAU,1
VANCOUVER BC,1
EUCLID,1
NAPA VALLEY,1
MAPLE PLAIN,1
KILA,1
GROVE CITY,1
SCARBOROUGH,1
CRANSTON,1
SHREWSBURY,1
NORTH BETHESDA,1
SUNNING HILL SL5 9TG,1
RICHWOOD,1
SEBASTIAN,1
JORDAN,1
PRYOR,1
PORT ORCHARD,1
RIVERHEAD,1
LAMONT,1
SINGAPORE 068808,1
HORSESHOE BEND,1
LOS ALAMOS,1
SURREY BC V3W 2X8,1
LANSING,1
BRANDON,1
PACIFIC,1
FLINTRIDGE,1
LYNN,1
BAYVILLE,1
TRELLEBORG,1
LEWISTOWN,1
CLYDE HILL,1
MENOMONIE,1
NORRIS,1
AMENIA,1
DERBY,1
MANSON,1
FOLEY,1
HWASEONG,1
ZEPHYR COVE,1
LUTHERVILLE TIMONIUM,1
WINNIPEG MB CANADA R3T6G2,1
GASTONIA,1
PRINCESS ANNE,1
LANCATER,1
HAWTORNE,1
QUEBEC G1K,1
ENUMCLAW,1
VILLANOVA,1
"PUDONG, NEW AREA, SHANGHAI",1
BAKER,1
REGO PARK,1
LA VERGNE,1
KAPOLEI,1
MURRELLS INLET,1
ST-DAMIEN QUEBEC G0R 2Y0,1
GREENSBURG,1
NATICK,1
COUNTRY CLUB HILLS,1
SAVANNAH,1
INVERNESS,1
SEQUIM,1
FORT MC COY,1
"LONDON, UNITED KINGDOM NW1 2DT",1
CATAWBA,1
FAIRHAVEN,1
SHAWNEE MISSION,1
SHEBOYGAN FLS,1
CY OF INDSTRY,1
NORTH CHELMSFORD,1
SADDLE RIVER,1
FULSHEAR,1
REDHILL SURREY RHI IUP,1
PIPERSVILLE,1
RIDGEFIELD PARK,1
CROWS LANDING,1
LIBERTY,1
COTTONWOOD,1
STIGLER,1
QUEENS VILLAGE,1
BURIEN,1
MANALAPAN,1
POWELL,1
CAZADERO,1
TAFT,1
CRAWFORDSVILLE,1
WOODBURN,1
MATAWAN,1
CAMPO,1
PT CHARLOTTE,1
DUBAI,1
BLOOMVILLE,1
ASPEN,1
SASKATOON SK S7K 4J4,1
MONTAGUE,1
MOHAVE VALLEY,1
BOERNE,1
DUNLAP,1
APPLETON,1
SAINT MARTIN,1
TOCCOA,1
THORNHILL ONTARIO,1
CULVERT CITY,1
HOCKESSIN,1
TOPOCK,1
SUTHERLIN,1
NORTHVILLE,1
THONOTOSASSA,1
LAUDERDALE LAKES,1
GAHANNA,1
VENETIA,1
SUNLAND PARK,1
MINNEOLA,1
LIBERTY LAKE,1
LANDERS,1
W SACRAMENTO,1
PINE PLAINS,1
HAINES CITY,1
CLARKSVILLE,1
BOADING HEBEI 071056,1
WHEATLAND,1
NILES,1
TINTON FALLS,1
TORONTO ONTARIO M1N 3E3,1
PARRISH,1
LAKE BALBAOA,1
KYLE,1
NORTHIRDGE,1
MOSS LANDING,1
CENTRALIA,1
LUCERNE VALLEY,1
KOLKATA,1
PICKERINGTON,1
CLAYMONT,1
CALISTOGA,1
WEST LAFAYETTE,1
CLEARFIELD,1
GRAHAM,1
WESTVILLE,1
MAX MEADOWS,1
WILLIAMS BAY,1
KEWASKUM,1
FORT VALLEY,1
NORTH WALES,1
GUADALUPE,1
GORDO,1
SWARTHMORE,1
MUSKEGON,1
CEDAR KNOLLS,1
WILLMAR,1
FEDERAL WAY,1
SANDUSKY,1
MOON TWP,1
DOVE CANYON,1
FLOYD,1
MERRILLVILLE,1
CLINTON TOWNSHIP,1
ROYAL PALM BEACH,1
CHEVY CHASE,1
LAKE WORTH,1
WOODBINE,1
PENTICTON BC V2A 5L1,1
COALINGA,1
MANISTEE,1
PIQUA,1
NORTH MIAMI BEACH,1
CHRISTIANSBURG,1
CAYUCOS,1
ALACHUA,1
POCASSET,1
PRESCOTT VALLEY,1
CHICAGO RIDGE,1
PRINEVILLE,1
FLOURTOWN,1
QUAKERTOWN,1
TOLEDO,1
CASA GRANDE,1
BAYONNE,1
PANAMA CITY BEACH,1
PROSPECT,1
COLMAR,1
MIDDLESEX,1
SILVER CITY,1
WAXAHACHIE,1
LAVALLETTE,1
SHILOH,1
MONTOURSVILLE,1
STONE MOUNTAIN,1
AMERICAN CANYON,1
FAIRBURY,1
WEATHERFORD,1
"2 MARITIME QUAY, LONDON",1
BROWNSBURG,1
PETERBOROUGH,1
"CALGARY, ALBERTA",1
CHARLESTOWN,1
HATTIESBURG,1
DEMAREST,1
ORMOND BEACH,1
MIAMI SPRINGS,1
CASTROVILLE,1
MONTREAL QC H3A2R7,1
TRUCKEE,1
HOPKINSVILLE,1
BRITISH COLUMBIA,1
TONOPAH,1
"MANZANA I, EL PINAR CANELONES",1
"ROMA SUR, MEXICO CITY",1
SPRING HILL,1
ABITA SPRINGS,1
TROTWOOD,1
JEDDAH,1
HOLDEN,1
WATERFORD TOWNSHIP,1
KENNEWICK,1
ROTHSCHILD,1
MANVILLE,1
FORT ATKINSON,1
MATLACHA,1
MONTENBELLO,1
DESOTO,1
SCHODACK LANDING,1
QUALICUM BEACH  V9K 2G4,1
BRICK,1
UNION HALL,1
MORRISONVILLE,1
CHESTNUT RIDGE,1
WALLED LAKE,1
"COWES, ISLE OF WIGHT, PO31 8PB",1
BATESVILLE,1
GLEN ELLEN,1
OSPREY,1
SHOHOLA,1
GURLEY,1
"COSTA DEL ESTE, PANAMA CITY",1
SWANZEY,1
ROCHELLE PARK,1
ALPENA,1
CORNISH,1
DELPHOS,1
WYOMISSING,1
ORRVILLE,1
TUPELO,1
WARRINGTON,1
HASTINGS ON HUDSON,1
ESSEX UK,1
COSHOCTON,1
OLIVEHURST,1
GARWOOD,1
SKOKIE,1
SOQUEL,1
BACLIFF,1
CAMBRIDGE ON N1R 6R8,1
LAKE FOREST PARK,1
RAIL ROAD FLAT,1
VELTEN GERMANY D-16727,1
WEST WARWICK,1
LOS ANEGELES,1
YORKTOWN HEIGHTS,1
SUGARLOAF,1
TORONTO ONTARIO M5J 1R7,1
HAMPTON,1
GENEVA,1
"KITCHENER, ONTARIO N2G 4X8",1
RANCHITA,1
EDINBURGH EH1 3AN,1
JUNE LAKE,1
YOKNEAU ISRAEL,1
LITTEROCK,1
NARRAGANSETT,1
HERNDERSON,1
ROSLYN,1
TERREBONNE QUEBEC,1
CIDAR GLENN,1
NORTH BARRINGTON,1
MURPHY,1
GILBERTSVILLE,1
HARKER HEIGHTS,1
OLNEY,1
MCKINLEYVILLE,1
BALL GROUND,1
BELLS,1
HENDERSONVILLE,1
BURNABY BC V5C4E2,1
SOUTHBANK VIC 3006 AUSTRALIA,1
PLACENCIA,1
